{"properties": [
  {
    "name": "file.upload-dir",
    "type": "java.lang.String",
    "description": "A description for 'file.upload-dir'"
  },
  {
    "name": "file.upload-dir",
    "type": "java.lang.String",
    "description": "A description for 'file.upload-dir'"
  },
  {
    "name": "file.upload-dir",
    "type": "java.lang.String",
    "description": "A description for 'file.upload-dir'"
  },
  {
    "name": "file.upload-dir",
    "type": "java.lang.String",
    "description": "A description for 'file.upload-dir'"
  }
]}